[
    {
        "id": "course1",
        "name": "ریاضیات ۱",
        "instructor": "استاد احمدی",
        "capacity": 30,
        "time_slots": [
            [
                "شنبه",
                "10:00-12:00"
            ]
        ],
        "content": "مباحث فصل ۱ تا ۳",
        "enrolled": []
    },
    {
        "id": "course2",
        "name": "فیزیک ۱",
        "instructor": "استاد رضایی",
        "capacity": 25,
        "time_slots": [
            [
                "یکشنبه",
                "14:00-16:00"
            ]
        ],
        "content": "مباحث فصل ۱ تا ۲",
        "enrolled": []
    },
    {
        "id": "course3",
        "name": "شیمی",
        "instructor": "ایزدی",
        "capacity": 2,
        "time_slots": [
            [
                "دوشنبه",
                "10:00-12:00"
            ]
        ],
        "content": "",
        "enrolled": []
    },
    {
        "id": "course4",
        "name": "دیفرانسیل",
        "instructor": "ایمانی",
        "capacity": 10,
        "time_slots": [
            [
                "چهارشنبه",
                "10:00-12:00"
            ]
        ],
        "content": "",
        "enrolled": []
    }
]