[
    {
        "id": "exam1",
        "course_id": "course1",
        "title": "آزمون فصل ۱",
        "questions": [
            {
                "question": "2+2 چند است؟",
                "options": [
                    "2",
                    "3",
                    "4",
                    "5"
                ],
                "answer": "4"
            }
        ]
    },
    {
        "id": "exam2",
        "course_id": "course2",
        "title": "آزمون فصل ۲",
        "questions": [
            {
                "question": "5-3 چند است؟",
                "options": [
                    "1",
                    "2",
                    "3",
                    "4"
                ],
                "answer": "2"
            }
        ]
    },
    {
        "id": "ef448e43-441b-42b4-8dfb-d89c6c20d87d",
        "course_id": "course2",
        "title": "قیزیک",
        "questions": [
            {
                "question": "سئرکمشنکمر",
                "options": [
                    "1",
                    "2",
                    "3",
                    "4"
                ],
                "answer": "2"
            }
        ]
    },
    {
        "id": "50f1b732-95b2-41a6-b181-bd0ce1ea91bd",
        "course_id": "course3",
        "title": "asd",
        "questions": [
            {
                "question": "na",
                "options": [
                    "na",
                    "ca",
                    "ma.mn"
                ],
                "answer": "na"
            }
        ]
    }
]